{
    "correspondence": [
        {
            "codigo_correspondencia": "01-23-4-5678901-00",
            "tipo_correspondencia": {
                "id": 1,
                "nombre": "Memorándum"
            },
            "institucion": {
                "id": 1,
                "nombre": "Instituto Nacional"
            },
            "unidad": {
                "id": 1,
                "nombre": "Unidad de Recursos Humanos"
            },
            "fecha_envio": "2025-02-26T13:00:00Z",
            "fecha_recibido": "2025-02-27T13:00:00Z",
            "requiere_respuesta": true,
            "prioridad": {
                "id": 1,
                "nombre": "Alta"
            },
            "estado": {
                "id": 1,
                "nombre": "Enviado",
                "color_hex": "#f00"
            }
        },
        {
            "codigo_correspondencia": "02-34-5-6789012-01",
            "tipo_correspondencia": {
                "id": 2,
                "nombre": "Oficio"
            },
            "institucion": {
                "id": 2,
                "nombre": "Ministerio de Salud"
            },
            "unidad": {
                "id": 2,
                "nombre": "Unidad de Atención al Ciudadano"
            },
            "fecha_envio": "2025-02-26T14:00:00Z",
            "fecha_recibido": "2025-02-28T14:00:00Z",
            "requiere_respuesta": false,
            "prioridad": {
                "id": 2,
                "nombre": "Media"
            },
            "estado": {
                "id": 2,
                "nombre": "Recepcionada",
                "color_hex": "#0f0"
            }
        },
        {
            "codigo_correspondencia": "03-45-6-7890123-02",
            "tipo_correspondencia": {
                "id": 3,
                "nombre": "Nota"
            },
            "institucion": {
                "id": 3,
                "nombre": "Alcaldía Municipal"
            },
            "unidad": {
                "id": 3,
                "nombre": "Unidad de Comunicaciones"
            },
            "fecha_envio": "2025-02-26T15:00:00Z",
            "fecha_recibido": "2025-03-01T15:00:00Z",
            "requiere_respuesta": true,
            "prioridad": {
                "id": 3,
                "nombre": "Baja"
            },
            "estado": {
                "id": 3,
                "nombre": "Borrador",
                "color_hex": "#550"
            }
        },
        {
            "codigo_correspondencia": "04-56-7-8901234-03",
            "tipo_correspondencia": {
                "id": 4,
                "nombre": "Informativo"
            },
            "institucion": {
                "id": 4,
                "nombre": "Ministerio de Educación"
            },
            "unidad": {
                "id": 4,
                "nombre": "Unidad de Planificación"
            },
            "fecha_envio": "2025-02-26T16:00:00Z",
            "fecha_recibido": "2025-03-02T16:00:00Z",
            "requiere_respuesta": false,
            "prioridad": {
                "id": 2,
                "nombre": "Media"
            },
            "estado": {
                "id": 4,
                "nombre": "Con respuesta",
                "color_hex": "#00f"
            }
        },
        {
            "codigo_correspondencia": "05-67-8-9012345-04",
            "tipo_correspondencia": {
                "id": 2,
                "nombre": "Oficio"
            },
            "institucion": {
                "id": 5,
                "nombre": "Secretaría de Cultura"
            },
            "unidad": {
                "id": 5,
                "nombre": "Unidad de Proyectos"
            },
            "fecha_envio": "2025-02-26T17:00:00Z",
            "fecha_recibido": "2025-03-03T17:00:00Z",
            "requiere_respuesta": true,
            "prioridad": {
                "id": 1,
                "nombre": "Alta"
            },
            "estado": {
                "id": 5,
                "nombre": "Leído",
                "color_hex": "#505"
            }
        },
        {
            "codigo_correspondencia": "06-78-9-0123456-05",
            "tipo_correspondencia": {
                "id": 3,
                "nombre": "Nota"
            },
            "institucion": {
                "id": 6,
                "nombre": "Asamblea Legislativa"
            },
            "unidad": {
                "id": 6,
                "nombre": "Unidad de Asuntos Internos"
            },
            "fecha_envio": "2025-02-26T18:00:00Z",
            "fecha_recibido": "2025-03-04T18:00:00Z",
            "requiere_respuesta": false,
            "prioridad": {
                "id": 3,
                "nombre": "Baja"
            },
            "estado": {
                "id": 6,
                "nombre": "Caducadas",
                "color_hex": "#888"
            }
        }
    ],
    "tipo_correspondencia": [
        {
            "id": 1,
            "nombre": "Memorándum"
        },
        {
            "id": 2,
            "nombre": "Oficio"
        },
        {
            "id": 3,
            "nombre": "Nota"
        },
        {
            "id": 4,
            "nombre": "Informativo"
        }
    ],
    "institucion": [
        {
            "id": 1,
            "nombre": "Instituto Nacional"
        },
        {
            "id": 2,
            "nombre": "Ministerio de Salud"
        },
        {
            "id": 3,
            "nombre": "Alcaldía Municipal"
        },
        {
            "id": 4,
            "nombre": "Ministerio de Educación"
        },
        {
            "id": 5,
            "nombre": "Secretaría de Cultura"
        },
        {
            "id": 6,
            "nombre": "Asamblea Legislativa"
        }
    ],
    "unidad": [
        {
            "id": 1,
            "nombre": "Unidad de Recursos Humanos"
        },
        {
            "id": 2,
            "nombre": "Unidad de Atención al Ciudadano"
        },
        {
            "id": 3,
            "nombre": "Unidad de Comunicaciones"
        },
        {
            "id": 4,
            "nombre": "Unidad de Planificación"
        },
        {
            "id": 5,
            "nombre": "Unidad de Proyectos"
        },
        {
            "id": 6,
            "nombre": "Unidad de Asuntos Internos"
        }
    ],
    "prioridad": [
        {
            "id": 1,
            "nombre": "Alta"
        },
        {
            "id": 2,
            "nombre": "Media"
        },
        {
            "id": 3,
            "nombre": "Baja"
        }
    ],
    "estado": [
        {
            "id": 1,
            "nombre": "Enviado",
            "color_hex": "#f00"
        },
        {
            "id": 2,
            "nombre": "Recepcionada",
            "color_hex": "#0f0"
        },
        {
            "id": 3,
            "nombre": "Borrador",
            "color_hex": "#550"
        },
        {
            "id": 4,
            "nombre": "Con respuesta",
            "color_hex": "#00f"
        },
        {
            "id": 5,
            "nombre": "Leído",
            "color_hex": "#505"
        },
        {
            "id": 6,
            "nombre": "Caducadas",
            "color_hex": "#888"
        }
    ]
}