[
    {
        "title": "Base",
        "icon": "home",
        "children": [
            {
                "title": "CanAction",
                "icon": "key",
                "description": "Componente para controlar si un usuario tiene permiso para ver/hacer algo basado en sus permisos"
            },
            {
                "title": "Icon",
                "icon": "add_reaction",
                "description": "Componente para renderizar iconos de material icons"
            },
            {
                "title": "PrivateRoute",
                "icon": "security",
                "description": "Componente para verificar si un usuario ha iniciado sesión adicionalemnte protege las rutas con base en los permisos del usuario"
            },
            {
                "title": "Title",
                "icon": "format_h1",
                "description": "Componente para renderizar titulos"
            },
            {
                "title": "StyledButton",
                "icon": "palette",
                "description": "Componente para renderizar button con estilos predeterminados"
            },
            {
                "title": "RenderHtml",
                "icon": "html",
                "description": "Componente para renderizar el resultado de InputEditor"
            }
        ]
    },
    {
        "title": "Formularios",
        "icon": "list_alt",
        "children": [
            {
                "title": "Input",
                "icon": "keyboard",
                "description": "Input general"
            },
            {
                "title": "InputMask",
                "icon": "medical_mask",
                "description": "Input para bloquear la entrada permitiendo exclusivamente el texto que cumpla el patron establecido"
            },
            {
                "title": "InputPassword",
                "icon": "lock",
                "description": "Input para contraseñas, permite ocultar/ver evitando los errores que tiene el input:password base"
            },
            {
                "title": "InputSearch",
                "icon": "search",
                "description": "Input para busquedas, bloquea el ingreso de emojis"
            },
            {
                "title": "InputSelect",
                "icon": "dropdown",
                "description": "Select que maneja los errores y matiene el diseño igual a los demás inputs"
            },
            {
                "title": "InputFile",
                "icon": "upload_file",
                "description": "Componente básico para subida de archivos"
            },
            {
                "title": "InputEditor",
                "icon": "format_paint",
                "description": "Componente para generar texto enriquecido"
            },
            {
                "title": "InputArea",
                "icon":"keyboard",
                "description": "Input para ingreso de texto largo"
            },
            {
                "title":"DragAndDrop",
                "icon":"drag_indicator",
                "description":"Componente para ingresar archivos"
            },
            {
                "title":"InputAutoComplete",
                "icon":"prompt_suggestion",
                "description":"Input para manejar autocompletado local o con peticiones a api"
            },
            {
                "title":"InputCalendar",
                "icon":"calendar_today",
                "description":"Input seleccionar una fecha en calendario"
            },
            {
                "title":"InputTreeSelect",
                "icon":"account_tree",
                "description":"Input que apartir de un array con parent_id genera un selector de arbol"
            },
            {
                "title":"InputDocument",
                "icon":"badge",
                "description":"Input con la misma funcionalidad que el input base pero agregando un boton en lugar de el icono final"
            }
        ]
    },
    {
        "title": "Layout",
        "icon": "dashboard",
        "children": [
            {
                "title": "DropdownProfile",
                "icon": "person",
                "description": "Button para mostrar opciones del perfil"
            },
            {
                "title": "Footer",
                "icon": "page_footer",
                "description": "Footer con logo"
            },
            {
                "title": "Header",
                "icon": "page_header",
                "description": "Componente para manejar la parametros del <head/>"
            },
            {
                "title": "Loader",
                "icon": "pending",
                "description": "Componente para mostrar mientras se espera una carga, por defecto esta importado en todos los componentes"
            },
            {
                "title": "MenuDropdown",
                "icon": "menu",
                "description": "Componente para cargar las opciones del sidebar"
            },
            {
                "title": "NavBar",
                "icon": "page_header"
            },
            {
                "title": "SideBar",
                "icon": "side_navigation"
            },
            {
                "title": "ModuleWrapper",
                "icon": "web_asset"
            },
            {
                "title": "ModuleTitle",
                "icon": "format_h1",
                "description": "Componente para renderizar titulos dentro de modulos"
            },
            {
                "title": "TabBar",
                "icon": "shelf_position",
                "description": "Componente para renderizar tabs"
            }
        ]
    },
    {
        "title": "Modals",
        "icon": "open_in_new",
        "children": [
            {
                "title": "ModalConfirm",
                "icon": "check",
                "description":"Modal para gestionar las confirmaciones"
            },
            {
                "title": "ModalGallery",
                "icon": "gallery_thumbnail",
                "description":"Modal para ver una galeria de imagenes"
            },
            {
                "title":"ModalFile",
                "icon":"file_open",
                "description":"Modal para ver un archivo (pdf, img o base64)"
            }
        ]
    },
    {
        "title": "Skeletons",
        "icon": "hand_bones",
        "children": [
            {
                "title": "TableSkeleton",
                "icon": "table",
                "description": "Skeleton para mostrar mientras una tabla esta cargando"
            }
        ]
    },
    {
        "title": "Table",
        "icon": "table",
        "children": [
            {
                "title": "Actions",
                "icon": "manufacturing",
                "description": "Componente que genera el listado de acciones que un usuario puede realizar en una tabla con base en el elemento que se le pasa y los permisos de usuario"
            },
            {
                "title": "Pagination",
                "icon": "page_control",
                "description": "Componente para controlar la páginación en las tablas"
            },
            {
                "title": "StateTag",
                "icon": "sell",
                "description": "Componente para renderizar el estado de un elemento"
            },
            {
                "title": "Table",
                "icon": "table",
                "description": "Componente para renderizar una lista de elemento"
            },
            {
                "title": "TableStateTag",
                "icon":"sell",
                "description":"Similar a StateTag, sin embargo maneja el diseño con un objeto estado que hace referencia a un estado de la tabla ctl_estado_solicitud"
            }
        ]
    }
]