{
    "Input": {
        "props": [
            {
                "name": "label",
                "description": "Label que se mostrara sobre el input",
                "type": "string"
            },
            {
                "name": "startIcon",
                "description": "Icono que se mostrara al inicio del input",
                "type": "string"
            },
            {
                "name": "endIcon",
                "description": "Icono que se mostrara al final del input",
                "type": "string"
            },
            {
                "name": "errors",
                "description": "Objeto con la lista de errores de zod, se accedera al correspondiente utilizando la prop 'name'",
                "type": "string"
            },
            {
                "name": "*",
                "description": "Acepta todas las props de InputText de prime react"
            }
        ]
    },
    "InputMask": {
        "props": [
            {
                "name": "label",
                "description": "Label que se mostrara sobre el input",
                "type": "string"
            },
            {
                "name": "startIcon",
                "description": "Icono que se mostrara al inicio del input",
                "type": "string"
            },
            {
                "name": "endIcon",
                "description": "Icono que se mostrara al final del input",
                "type": "string"
            },
            {
                "name": "errors",
                "description": "Objeto con la lista de errores de zod, se accedera al correspondiente utilizando la prop 'name'",
                "type": "string"
            },
            {
                "name": "*",
                "description": "Acepta todas las props de InputMask de prime react"
            }
        ]
    },
    "InputPassword": {
        "props": [
            {
                "name": "label",
                "description": "Label que se mostrara sobre el input",
                "type": "string"
            },
            {
                "name": "startIcon",
                "description": "Icono que se mostrara al inicio del input",
                "type": "string"
            },
            {
                "name": "errors",
                "description": "Objeto con la lista de errores de zod, se accedera al correspondiente utilizando la prop 'name'",
                "type": "string"
            },
            {
                "name": "*",
                "description": "Acepta todas las props de InputText de prime react"
            }
        ]
    },
    "InputSearch": {
        "props": [
            {
                "name": "startIcon",
                "description": "Icono que se mostrara al inicio del input",
                "type": "string"
            },
            {
                "name": "floatError",
                "description": "Validación para mostrar los errores con position relative o normal",
                "type": "boolean",
                "default": "true"
            },
            {
                "name": "*",
                "description": "Acepta todas las props de InputText de prime react"
            }
        ]
    },
    "InputSelect": {
        "props": [
            {
                "name": "label",
                "description": "Label que se mostrara sobre el input",
                "type": "string"
            },
            {
                "name": "startIcon",
                "description": "Icono que se mostrara al inicio del input",
                "type": "string"
            },
            {
                "name": "endIcon",
                "description": "Icono que se mostrara al final del input",
                "type": "string"
            },
            {
                "name": "errors",
                "description": "Objeto con la lista de errores de zod, se accedera al correspondiente utilizando la prop 'name'",
                "type": "string"
            },
            {
                "name": "*",
                "description": "Acepta todas las props de Dropdown de prime react"
            }
        ]
    },
    "Icon": {
        "props": [
            {
                "name": "color",
                "default": "#5c5c5c",
                "description": "Color del icono",
                "type": "string"
            },
            {
                "name": "name",
                "description": "Nombre del icono de Material Icons",
                "type": "string"
            },
            {
                "name": "size",
                "default": "24px",
                "description": "Tamaño del icono",
                "type": "string"
            },
            {
                "name": "onClick",
                "description": "Función que se ejecutara al presionar el icono",
                "type": "function"
            },
            {
                "name": "className",
                "description": "Listado de clases",
                "type": "string"
            }
        ]
    },
    "CanAction": {
        "props": [
            {
                "name": "permission",
                "description": "Permiso a verificar",
                "type": "string",
                "required": true
            }
        ]
    },
    "PrivateRoute": {
        "props": [
            {
                "name": "permission",
                "description": "Permiso a verificar",
                "type": "string"
            },
            {
                "name": "element",
                "description": "Componente a renderizar en caso que el usuario cumpla el permiso"
            }
        ]
    },
    "Title": {
        "props": [
            {
                "name": "text",
                "description": "Texto a mostrar",
                "type": "string"
            },
            {
                "name": "className",
                "description": "Listado de clases adicionales a aplicar",
                "type": "string"
            }
        ]
    },
    "Header": {
        "props": [
            {
                "name": "title",
                "description": "Título a mostrar en la página",
                "type": "string"
            }
        ]
    },
    "MenuDropdown": {
        "props": [
            {
                "name": "item",
                "description": "Item a renderisar si contiene 'children' estos se cargaran automaticamente",
                "type": "object"
            },
            {
                "name": "hide",
                "description": "Función a ejecutar posterior a que se seleccione una ruta",
                "type": "function"
            }
        ]
    },
    "NavBar": {
        "props": [
            {
                "name": "onOpenSidebar",
                "description": "Función a ejecutar posterior a que se presione el boton de menú",
                "type": "function"
            }
        ]
    },
    "SideBar": {
        "props": [
            {
                "name": "visible",
                "description": "variable que verifica si la sidebar esta abierta o cerrada",
                "type": "boolean"
            },
            {
                "name": "setVisible",
                "description": "Función que cambia el estado de la variable visible",
                "type": "function"
            }
        ]
    },
    "ModalConfirm": {
        "props": [
            {
                "name": "message",
                "description": "Mensaje a mostrar se usa en conjunto con la prop header de prime react",
                "type": "string"
            },
            {
                "name": "source",
                "description": "Para confirmaciones de tipo 'destroy/restore' representa el elemento que se esta modificando (usuario, rol, etc), debe ser usada en conjunto con la prop 'type",
                "type": "string"
            },
            {
                "name": "type",
                "description": "Para confirmaciones de tipo 'destroy/restore' representa el tipo de modificación, debe ser usando en conjunto con la prop 'source",
                "type": "string"
            },
            {
                "name": "loading",
                "description": "Se utliza para poner el estado loading al botón de confirmación",
                "type": "boolean"
            },
            {
                "name": "onConfirm",
                "description": "Función que se ejecutara al confirmar",
                "type": "function"
            }
        ],
        "refExpose": [
            {
                "name": "show",
                "description": "Función para abrir la modal",
                "type": "function"
            },
            {
                "name": "hide",
                "description": "Función para cerrar la modal",
                "type": "function"
            }
        ]
    },
    "Actions": {
        "props": [
            {
                "name": "item",
                "description": "Elemento a evaludar, es un objeto que debe contener el 'deleted_at' en null o con algún valor",
                "type": "object"
            },
            {
                "name": "permission",
                "description": "Permiso a evaluar puesto que se maneja el mismo con el mismo formato evalua por su ceunta los tres principales (update, destroy, restore) solo se debe pasar el nombre principal del permiso ",
                "type": "string"
            },
            {
                "name": "onSelect",
                "description": "Función que se ejecutara al presionar cualquiera de los botones, se le pasaran como parametros el item que sea haya ingresado y un string con la acción que se realizo",
                "type": "function"
            }
        ]
    },
    "Pagination": {
        "props": [
            {
                "name": "onChange",
                "description": "Función que se ejecutara al haber un cambio de página o de número de filas por página, se le pasaran como parametro los datos de páginación",
                "type": "function"
            }
        ],
        "refExpose": [
            {
                "name": "setMetadata",
                "description": "Función para setear los metadatos que se obtienen como respuesta en las peticiones al servidor",
                "type": "function"
            },
            {
                "name": "getMetadata",
                "description": "Función para obtener los datos de paginación, es importante tener en cuenta que retorna los datos que esten seteados en el momento de su ejecución, por lo que si se ejecuta dentro de la función 'onChange' retornara los datos que se encuentran en ese momento y no los que se están actualizando",
                "type": "function"
            }
        ]
    },
    "StateTag": {
        "props": [
            {
                "name": "item",
                "description": "Elemento que evaluara para definir el estado, el objeto debe contener la propiedad 'deleted_at' en estado 'null' o con algún dato",
                "type": "object"
            }
        ]
    },
    "Table": {
        "props": [
            {
                "name": "headers",
                "description": "Listado de header a mostrar con sus datos asociados (ver ejemplo)",
                "type": "array"
            },
            {
                "name": "data",
                "description": "Datos a renderizar en la tabla",
                "type": "array"
            },
            {
                "name": "configClass",
                "description": "Clases a aplicar a las diferentes partes de la tabla (ver ejemplo)",
                "type": "array"
            },
            {
                "name": "loading",
                "description": "Variable para representar si se estan cargando los datos",
                "type": "boolean"
            }
        ]
    },
    "StyledButton": {
        "props": [
            {
                "name": "outlined",
                "description": "Props para verificar si el boton sera de color solido o solo con bordes",
                "type": "boolean",
                "default": "false"
            },
            {
                "name": "type",
                "description": "Tipo del boton a utilizar las opciones son: primary, secondary, yellow, red, blue, green, gray",
                "type": "string",
                "default": "primary"
            },
            {
                "name": "*",
                "description": "Todas las props aceptadas por el componente Button de primevue"
            }
        ]
    },
    "ModalGallery": {
        "props": [
            {
                "name": "images",
                "description": "Listado de imágenes",
                "type": "Array"
            },
            {
                "name": "children",
                "description": "Texto/Componente, que se colora dentro del botón para mostrar",
                "type": "ReactNode"
            }
        ],
        "refExpose": [
            {
                "name": "show",
                "description": "Función para mostrar la modal",
                "type": "function"
            },
            {
                "name": "hide",
                "description": "Función para ocultar la modal",
                "type": "function"
            }
        ]
    },
    "ModuleTitle": {
        "props": [
            {
                "name": "text",
                "description": "Texto a mostrar",
                "type": "string"
            },
            {
                "name": "className",
                "description": "Clases adicionales a agregar",
                "type": "string"
            }
        ]
    },
    "ModuleWrapper": {
        "props": [
            {
                "name": "title",
                "description": "Título del modulo",
                "type": "string"
            },
            {
                "name": "header",
                "description": "Texto que se mostrara en el título de la pagina, representa la etiqueta title de html",
                "type": "String"
            },
            {
                "name": "children",
                "description": "Nodo interno a renderizar",
                "type": "ReactNode"
            }
        ]
    },
    "TabBar": {
        "props": [
            {
                "name": "tabs",
                "description": "Listado de tabs a renderizar",
                "type": "array"
            }
        ]
    },
    "InputFile": {
        "props": [
            {
                "name": "label",
                "description": "Label que se mostrara sobre el input",
                "type": "string"
            },
            {
                "name": "startIcon",
                "description": "Icono que se mostrara al inicio del input",
                "type": "string"
            },
            {
                "name": "endIcon",
                "description": "Icono que se mostrara al final del input",
                "type": "string",
                "default": "upload_file"
            },
            {
                "name": "value",
                "description": "Valor almacenado solo se utiliza para obtener el nombre del archivo",
                "type": "File"
            },
            {
                "name": "errors",
                "description": "Objeto con la lista de errores de zod, se accedera al correspondiente utilizando la prop 'name'",
                "type": "string"
            },
            {
                "name": "limit",
                "description": "Limite de archivos a aceptar en modo multiple",
                "type": "number",
                "default": "1"
            },
            {
                "name": "maxMegaByte",
                "description": "Limite de tamaño para archivos en MegaBytes",
                "type": "number",
                "default": "5"
            },
            {
                "name": "*",
                "description": "Acepta todas las props de input:file de html"
            }
        ]
    },
    "InputEditor": {
        "props": [
            {
                "name": "label",
                "description": "Label que se mostrara sobre el input",
                "type": "string"
            },
            {
                "name": "errors",
                "description": "Objeto con la lista de errores de zod, se accedera al correspondiente utilizando la prop 'name'",
                "type": "string"
            },
            {
                "name": "max",
                "description": "Máximo de caracteres",
                "type": "number"
            },
            {
                "name": "*",
                "description": "Acepta todas las props de Editor de prime react"
            }
        ]
    },
    "RenderHtml": {
        "props": [
            {
                "name": "html",
                "description": "Valor a reenderizar",
                "type": "string"
            }
        ]
    },
    "ModalFile": {
        "props": [
            {
                "name": "file",
                "description": "Archivo a reenderizar",
                "type": "string (img/pdf url, base64"
            },
            {
                "name": "children",
                "description": "Valor a reenderizar en el botón de show",
                "type": "ReactNode"
            }
        ],
        "refExpose": [
            {
                "name": "show",
                "description": "Función para mostrar la modal recibe un string con la ruta del archivo pero puede ser obviado",
                "type": "function"
            },
            {
                "name": "hide",
                "description": "Función para ocultar la modal",
                "type": "function"
            }
        ]
    },
    "TableStateTag": {
        "props": [
            {
                "name": "item",
                "description": "Objeto con un estado de la tabla 'ctl_estado_solicitud'",
                "type": "object"
            }
        ]
    },
    "DragAndDrop": {
        "props": [
            {
                "name": "label",
                "description": "Label que se mostrara sobre el input",
                "type": "string"
            },
            {
                "name": "errors",
                "description": "Objeto con la lista de errores de zod, se accedera al correspondiente utilizando la prop 'name'",
                "type": "string"
            },
            {
                "name": "maxMegaByte",
                "description": "Tamaño máximo de los archivos en MB",
                "type": "number",
                "default": "5"
            },
            {
                "name": "limit",
                "description": "Limite de archivos a subir",
                "type": "number",
                "default": 1
            }
        ]
    },
    "InputArea": {
        "props": [
            {
                "name": "label",
                "description": "Label que se mostrara sobre el input",
                "type": "string"
            },
            {
                "name": "startIcon",
                "description": "Icono que se mostrara al inicio del input",
                "type": "string"
            },
            {
                "name": "endIcon",
                "description": "Icono que se mostrara al final del input",
                "type": "string"
            },
            {
                "name": "errors",
                "description": "Objeto con la lista de errores de zod, se accedera al correspondiente utilizando la prop 'name'",
                "type": "string"
            },
            {
                "name": "*",
                "description": "Acepta todas las props de InputTextarea de prime react"
            }
        ]
    },
    "InputAutoComplete": {
        "props": [
            {
                "name": "label",
                "description": "Label que se mostrara sobre el input",
                "type": "string"
            },
            {
                "name": "startIcon",
                "description": "Icono que se mostrara al inicio del input",
                "type": "string"
            },
            {
                "name": "endIcon",
                "description": "Icono que se mostrara al final del input",
                "type": "string"
            },
            {
                "name": "errors",
                "description": "Objeto con la lista de errores de zod, se accedera al correspondiente utilizando la prop 'name'",
                "type": "string"
            },
            {
                "name": "*",
                "description": "Acepta todas las props de AutoComplete de prime react"
            }
        ]
    },
    "InputCalendar": {
        "props": [
            {
                "name": "label",
                "description": "Label que se mostrara sobre el input",
                "type": "string"
            },
            {
                "name": "startIcon",
                "description": "Icono que se mostrara al inicio del input",
                "type": "string"
            },
            {
                "name": "errors",
                "description": "Objeto con la lista de errores de zod, se accedera al correspondiente utilizando la prop 'name'",
                "type": "string"
            },
            {
                "name": "*",
                "description": "Acepta todas las props de Calendar de prime react"
            }
        ]
    },
    "InputTreeSelect": {
        "props": [
            {
                "name": "label",
                "description": "Label que se mostrara sobre el input",
                "type": "string"
            },
            {
                "name": "startIcon",
                "description": "Icono que se mostrara al inicio del input",
                "type": "string"
            },
            {
                "name": "endIcon",
                "description": "Icono que se mostrara al final del input",
                "type": "string"
            },
            {
                "name": "errors",
                "description": "Objeto con la lista de errores de zod, se accedera al correspondiente utilizando la prop 'name'",
                "type": "string"
            },
            {
                "name": "labelKey",
                "descripcion": "Key que se mostrara en el selector por default es 'nombre'",
                "type": "string"
            },
            {
                "name": "options",
                "description": "Array con los datos a mostrar debe ser un array con objetos que contengan {'labelKey', id, parent_id}",
                "type": "Array"
            },
            {
                "name": "loading",
                "description": "Booleano para representar si los datos estan cargando",
                "type": "boolean"
            },
            {
                "name": "*",
                "description": "Acepta todas las props de TreeSelect de prime react"
            }
        ]
    },
    "InputDocument": {
        "props": [
            {
                "name": "label",
                "description": "Label que se mostrara sobre el input",
                "type": "string"
            },
            {
                "name": "startIcon",
                "description": "Icono que se mostrara al inicio del input",
                "type": "string"
            },
            {
                "name": "errors",
                "description": "Objeto con la lista de errores de zod, se accedera al correspondiente utilizando la prop 'name'",
                "type": "string"
            },
            {
                "name": "type",
                "description": "Tipo de documento (1 dui, 2 pasaporte)",
                "type": "number"
            },
            {
                "name": "onVerify",
                "description": "Función que se ejecutara al presionar el botón",
                "type": "function"
            },
            {
                "name": "*",
                "description": "Acepta todas las props de InputText de prime react"
            }
        ]
    }
}