[
    {
        "title": "useAuth",
        "description": "Hook que maneja los datos de sesión del usuario",
        "icon": "lock"
    },
    {
        "title": "useFetchQuery",
        "description": "Hook para manejar las peticiones search y get con TanstackQuery",
        "icon": "cloud_download"
    },
    {
        "title": "useQueryCatalog",
        "description": "Hook para manejar las peticiones search y get de catalogos con TanstackQuery",
        "icon": "cloud_download"
    },
    {
        "title": "useQueryCrud",
        "description": "Hook para manejar las peticiones post, put, delete y restore con TanstackQuery",
        "icon": "cloud_upload"
    },
    {
        "title": "useForm",
        "description": "Hook para manejar los datos de formularios con sus validaciones",
        "icon": "list_alt"
    }
]