{
    "useAuth": {
        "returns": [
            {
                "name": "setAuth",
                "description": "Almacena los datos de sesión cifrados",
                "params": [
                    {
                        "name": "value",
                        "type": "object",
                        "description": "Datos de sesión a almacenar",
                        "required": true
                    }
                ]
            },
            {
                "name": "getAuth",
                "description": "Retorna los datos de sesión descifrados"
            },
            {
                "name": "logOut",
                "description": "Cierrar sesión en el servidor y elimina los datos de sesión"
            },
            {
                "name": "isLogged",
                "description": "Verifica si hay un token en los datos de sesión"
            },
            {
                "name": "canAction",
                "description": "Verifica si el usuario tiene permiso para una acción",
                "params": [
                    {
                        "name": "action",
                        "type": "string",
                        "description": "Permiso que se va a verificar",
                        "example": "'usuarios.view'",
                        "required": true
                    }
                ]
            }
        ]
    },
    "useForm": {
        "props": [
            {
                "name": "defaultData",
                "description": "Datos por defecto, estos se cargar al inicio y al utilizar 'reset'",
                "type": "object",
                "required": true
            },
            {
                "name": "schema",
                "description": "Zod object con las validaciones que se aplicaran al formulario",
                "type": "ZodObject",
                "required": true
            },
            {
                "name": "onSubmit",
                "description": "Función que se ejecutara en el evento submit",
                "type": "function",
                "required": true
            }
        ],
        "returns": [
            {
                "name": "handleChange",
                "description": "Maneja el cambio en los inputs, almacenandolos en el estado correspondiente",
                "params": [
                    {
                        "name": "key",
                        "type": "string",
                        "description": "Nombre del estado a modificar",
                        "required": true,
                        "example": "'numero_documento'"
                    },
                    {
                        "name": "value",
                        "type": "string",
                        "description": "Valor para modificar",
                        "required": false
                    }
                ]
            },
            {
                "name": "handleSubmit",
                "description": "Maneja el evento submit del formulario"
            },
            {
                "name": "validate",
                "description": "Valida todos los campos del formulario utilizando el 'schema'"
            },
            {
                "name": "reset",
                "description": "Limpia todos los datos del estado asignando 'defaultData'"
            },
            {
                "name": "setState",
                "description": "Asigna nuevos valores al estado",
                "params": [
                    {
                        "name": "data",
                        "type": "object",
                        "description": "Datos a asignar",
                        "required": true
                    }
                ]
            },
            {
                "name": "state",
                "description": "Objeto con el estado"
            },
            {
                "name": "errors",
                "description": "Objeto con los errores del estado"
            },
            {
                "name": "getProps",
                "description": "Función para autogenerar las props del input (id, name, onChange, value, errors)",
                "params": [
                    {
                        "name": "key",
                        "description": "Nombre del estado a utilizar",
                        "type": "string",
                        "required": true,
                        "example": "'numero_documento'"
                    }
                ]
            }
        ]
    },
    "useFetchQuery": {
        "props": [
            {
                "name": "key",
                "description": "Llave para manejar cache, para una misma tabla usar la misma llave en 'useFetchQuery' y 'useQueryCrud', de dicha forma se actualizaran los datos automáticamente",
                "required": true,
                "type": "string",
                "example": "users"
            },
            {
                "name": "handlefetch",
                "description": "Función que se ejecutara para cargar los datos",
                "required": true,
                "type": "function"
            }
        ],
        "returns": [
            {
                "name": "data",
                "description": "Datos retornados de la petición"
            },
            {
                "name": "loading",
                "description": "Variable que refleja si se esta realizando la petición"
            },
            {
                "name": "refetch",
                "description": "Función para volver a realizar la petición"
            },
            {
                "name": "error",
                "description": "Errores obtenidos al realizar la petición"
            }
        ]
    },
    "useQueryCatalog": {
        "props": [
            {
                "name": "key",
                "description": "Llave para manejar cache",
                "required": true,
                "type": "string",
                "example": "departmentsCatalog"
            },
            {
                "name": "handlefetch",
                "description": "Función que se ejecutara para cargar los datos",
                "required": true,
                "type": "function"
            },
            {
                "name": "observe",
                "description": "Variable a observar para recagar automáticamente"
            },
            {
                "name": "params",
                "description": "Parametros que se utilizaran dentro de la petición"
            },
            {
                "name": "disable",
                "descripcion": "Parametro para invalidar la recarga automática",
                "type": "boolean"
            }
        ],
        "returns": [
            {
                "name": "data",
                "description": "Datos de la petición"
            },
            {
                "name": "loading",
                "description": "Variable para verificar si se esta realizando la petición"
            },
            {
                "name": "refetch",
                "description": "Función para recargar los datos",
                "error": "Errores de la petición"
            }
        ]
    },
    "useQueryCrud": {
        "props":[
            {
                "name": "key",
                "description": "Llave para manejar cache, para una misma tabla usar la misma llave en 'useFetchQuery' y 'useQueryCrud', de dicha forma se actualizaran los datos automáticamente",
                "required": true,
                "type": "string"
            },
            {
                "name": "handleToggleState",
                "description": "Función que se ejecutara para actualizar el estado de un elemento"
            },
            {
                "name":"handleUpdate",
                "description": "Función que se ejecutara al ejecutar 'update', esta función recibira los parámetros que hayan sido pasados a 'update'"
            },
            {
                "name":"handleCreate",
                "description": "Función que se ejecutara al ejecutar 'create', esta función recibira los parámetros que hayan sido pasados a 'create'"
            },
            {
                "name": "onCreate",
                "description": "Función que se ejecutara cuando la creación se exitosa"
            },
            {
                "name": "onUpdate",
                "description": "Función que se ejecutara cuando la actualización se exitosa"
            }
        ],
        "returns": [
            {
                "name": "toggleState",
                "description": "Función para modificar el estado de un elemento (restore, delete)"
            },
            {
                "name": "update",
                "description": "Función para actualizar un elemento recive un objeto {}, este mismo será pasado como parametro a la función 'handleUpdate', se utiliza como objeto porque la mutación solo acepta una prop e ignora las demás, se pueda usar otra estructura siempre y cuando la función 'handleUpdate' pueda manejarla",
                "params": [
                    {
                        "name": "id",
                        "description": "Id a modificar",
                        "required": true,
                        "type": "string | int",
                        "example": "{ id: 1, body: object }"
                    },
                    {
                        "name": "body",
                        "description": "Datos a enviar",
                        "required": true,
                        "type": "object",
                        "example": "{ id: string | int, body: {name: 'pepe'} }"
                    }
                ]
            },
            {
                "name": "create",
                "description": "Función para crear un nuevo elemento, ejecuta la función 'handleCreate'",
                "params": [
                    {
                        "name": "body",
                        "description": "Objeto con los datos del elemento a crear, se puede enviar cualquier cosa teniendo en cuenta que estos datos serán manejados por la función 'handleCreate'",
                        "type": "object"
                    }
                ]
            },
            {
                "name": "loading",
                "description": "Variable para verificar si se esta haciendo una mutación (update, create, toggleState)"
            },
            {
                "name": "isSudmitting",
                "description": "Variable para verificar si se esta creando o editanto"
            },
            {
                "name": "toggleError",
                "description": "Errores obtenidos al ejecutar toggleState"
            },
            {
                "name": "updateError",
                "description": "Errores obtenidos al ejecutar update"
            },
            {
                "name": "createError",
                "description": "Errores obtenidos al ejecutar create"
            }
        ]
    }
}